{"RenderData":[{"Name":"testBox1","Mask":3,"Model":2,"WorldMat":[1.000000,1.000000,-1.414212,0.000000,-2.121320,2.121320,0.000000,0.000000,1.999999,1.999999,2.828428,0.000000,1.000000,0.000000,5.000000,1.000000]},{"Name":"testBox","Mask":3,"Model":2,"WorldMat":[1.000000,0.000000,0.000000,0.000000,0.000000,0.707107,0.707107,0.000000,0.000000,-0.707107,0.707107,0.000000,-3.000000,1.000000,0.000000,1.000000]}]}